resto_id,name,city,des,price,rating,penjualan,penjualan_3months,jarak,image1
1,Henshin,Jakarta,"Henshin menawarkan pengalaman makan yang mewah dengan pemandangan kota Jakarta yang menakjubkan dari lantai 67 hingga 69. Restoran ini mengusung konsep fine dining Jepang dan Peru, dengan menu yang menggabungkan hidangan seperti sashimi, sushi, dan ceviche. Suasana yang elegan dan tenang sangat cocok untuk makan malam romantis atau acara spesial​",300000,4.5,576,576,262,
2,Bandar Djakarta,Jakarta,"Bandar Djakarta terkenal dengan suasana yang santai namun tetap bergaya, terutama bagi para pecinta seafood. Restoran ini menyajikan hidangan laut segar dengan berbagai pilihan, dari ikan bakar hingga hidangan penutup khas Indonesia. Terletak di tepi laut, suasana pantai dan hidangan seafood yang lezat memberikan pengalaman makan yang menyenangkan​",100000,4.7,49267,49267,406,
3,GIA Restaurant,Jakarta,"GIA Restaurant menawarkan suasana yang mewah dengan interior modern dan pelayanan yang luar biasa. Menghadirkan menu masakan Eropa dan Barat, restoran ini dikenal dengan steak, seafood, dan pilihan pasta yang menggugah selera. Dikenal juga dengan koleksi anggur premium, tempat ini cocok untuk acara makan malam elegan dan perayaan spesial​",300000,4.6,544,544,433,
4,Ruth’s Chris Steak House,Jakarta,"Ruth’s Chris Steak House terkenal dengan steak kelas dunia yang dimasak dengan sempurna. Menyajikan berbagai jenis steak premium, dari filet mignon hingga rib-eye, restoran ini menawarkan suasana elegan dan profesional, cocok untuk acara pertemuan bisnis atau makan malam mewah",500000,4.6,1313,1313,405,
5,Bistecca,Jakarta,"Bistecca adalah restoran steak yang menghadirkan nuansa hangat dan modern, dengan pilihan daging berkualitas tinggi yang dimasak sesuai keinginan pelanggan. Selain steak, mereka juga menawarkan berbagai pilihan makanan Italia seperti pasta dan salad. Suasana yang nyaman menjadikannya tempat yang ideal untuk makan bersama keluarga atau teman​",700000,4.7,1501,1501,406,
6,Amuz Gourmet Restaurant,Jakarta,"Dengan suasana yang elegan dan atmosfer yang tenang, Amuz Gourmet Restaurant menawarkan hidangan Perancis otentik yang diolah dengan teknik kuliner modern. Dikenal dengan berbagai pilihan menu seperti foie gras, escargot, dan lobster bisque, restoran ini sangat cocok untuk makan malam romantis atau acara perayaan spesial​",1500000,4.8,412,412,407,
7,Social House,Jakarta,"Social House merupakan restoran dan bar yang menyajikan menu internasional dengan suasana santai dan stylish. Menawarkan berbagai hidangan mulai dari pizza, pasta, hingga hidangan lokal, tempat ini populer untuk bersantai sambil menikmati minuman di tengah kota. Cocok untuk hangout bersama teman atau makan siang santai​",200000,4.7,4000,4000,406,
8,La Brasserie,Jakarta,"La Brasserie menawarkan pengalaman kuliner ala Perancis dengan pilihan menu yang berfokus pada hidangan gourmet dan bistro. Dikenal dengan suasana yang chic dan nyaman, restoran ini menyajikan escargot, ratatouille, dan berbagai jenis pâtisserie. Tempat ini sangat cocok untuk makan malam romantis atau acara makan siang yang elegan​",500000,4.6,908,908,406,
9,El Asador,Jakarta,"El Asador mengusung konsep restoran steak dengan suasana yang hangat dan intim. Menyajikan berbagai pilihan steak premium dan hidangan berbahan dasar daging lainnya, restoran ini juga terkenal dengan menu tapas khas Spanyol. Suasana santai namun elegan menjadikannya tempat yang ideal untuk makan malam bersama teman atau keluarga",500000,4.5,1291,1291,405,
10,SKYE Bar & Restaurant,Jakarta,"SKYE Bar & Restaurant terkenal dengan pemandangan kota Jakarta yang menakjubkan, terletak di rooftop yang menawarkan suasana santai namun chic. Menyajikan berbagai hidangan internasional dengan menu andalan seperti steak, seafood, dan berbagai cocktail. Tempat ini sangat populer untuk acara makan malam atau minum santai di malam hari​",300000,4.6,5700,5700,406,
11,Mad Cow Wine & Grill,Bandung,"Mad Cow Wine & Grill menawarkan suasana yang mewah dan intim, dengan dekorasi modern dan elegan. Restoran ini mengkhususkan diri dalam steak premium dan hidangan panggang, disertai dengan pilihan anggur berkualitas tinggi. Cocok untuk acara makan malam romantis atau perayaan dengan atmosfer yang classy dan pelayanan yang sangat baik",200000,4.9,1236,1236,307,
12,Monomono Bar & Social Dining,Bandung,"Monomono Bar & Social Dining memiliki suasana yang trendy dan dinamis, dengan konsep bar yang juga menawarkan makanan sosial yang lezat. Menu yang ditawarkan mencakup berbagai pilihan tapas, burger, dan hidangan Barat. Tempat ini ideal untuk hangout bersama teman-teman sambil menikmati minuman dan makanan ringan dalam suasana santai​",150000,4.7,564,564,309,
13,Plataran Bandung,Bandung,"Plataran Bandung menawarkan suasana yang sangat nyaman dan khas Indonesia, dengan nuansa alam yang hijau dan sejuk. Menyajikan hidangan lokal seperti sate, nasi goreng, dan ikan bakar, restoran ini mengedepankan konsep warisan kuliner Indonesia yang autentik. Tempat ini cocok untuk makan bersama keluarga sambil menikmati pemandangan alam yang indah",100000,4.8,442,442,307,
14,Justus Steakhouse (Festival Citylink),Bandung,"Justus Steakhouse terkenal dengan kualitas steak yang tinggi dan suasana yang nyaman namun mewah. Menghadirkan berbagai pilihan steak, dari daging sapi hingga hidangan lainnya seperti pasta dan salad, restoran ini sangat cocok bagi pecinta makanan Barat yang mengutamakan kualitas dan porsi besar​",100000,4.7,2933,2933,308,
15,The 18th Restaurant and Lounge,Bandung,"Terletak di lantai 18, restoran ini menawarkan pemandangan spektakuler dengan suasana lounge yang mewah. Menyajikan berbagai masakan internasional dan fusion, restoran ini sangat cocok untuk acara makan malam elegan dengan pilihan makanan lezat dan anggur premium​",150000,4.6,599,599,305,
16,Gormeteria,Bandung,"Gormeteria memiliki suasana yang modern dan stylish, dengan menu yang berfokus pada hidangan Eropa dan Mediterania. Restoran ini dikenal dengan porsi makanannya yang besar dan kualitas bahan-bahan yang digunakan. Tempat ini cocok untuk makan siang atau makan malam dengan pilihan menu yang sehat dan bergizi",100000,4.6,7468,7468,309,
17,The Valley,Bandung,"The Valley menawarkan suasana yang romantis dengan pemandangan indah ke lembah, serta atmosfer yang tenang dan elegan. Menyajikan berbagai hidangan Barat dan Indonesia, restoran ini sangat populer untuk acara spesial atau makan malam bersama keluarga, dengan pengalaman makan yang santai dan menyegarkan",200000,4.5,3068,3068,305,
18,Jing Paradise,Bandung,"Jing Paradise memiliki suasana yang mewah dan nyaman, dengan desain interior yang elegan. Restoran ini mengkhususkan diri dalam hidangan Chinese dan Cantonese, seperti dim sum dan peking duck, yang disajikan dengan cara yang otentik. Tempat ini cocok untuk makan malam keluarga atau pertemuan bisnis",150000,4.6,1247,1247,310,
19,Gijon Steakhouse,Bandung,"Gijon Steakhouse menawarkan suasana yang kasual dan nyaman, dengan spesialisasi utama pada hidangan steak, baik yang dipanggang maupun yang dimasak dengan cara lainnya. Menyajikan daging berkualitas dan berbagai hidangan pendamping, restoran ini cocok bagi pecinta steak yang menginginkan makanan lezat dan harga yang terjangkau",200000,4.7,1231,1231,307,
20,Hitto Bitto,Bandung,"Hitto Bitto adalah restoran dengan suasana santai dan modern, menawarkan berbagai hidangan ala Jepang, seperti sushi, ramen, dan sashimi. Tempat ini sangat cocok untuk penggemar masakan Jepang yang menginginkan suasana yang kasual namun tetap nyaman untuk makan bersama teman atau keluarga",100000,4.7,1058,1058,307,
21,Restoran Kampung Laut,Semarang,"Kampung Laut menawarkan suasana yang nyaman dan santai, dengan konsep tempat makan yang dekat dengan alam, terutama dengan pemandangan laut atau kolam. Restoran ini menyajikan hidangan laut segar seperti ikan bakar, kepiting, dan udang. Suasana yang tenang dan menu seafood yang lezat membuatnya sangat cocok untuk makan keluarga atau acara spesial",20000,4.4,1000,1000,10,
22,Waroeng Kaligarong,Semarang,"Waroeng Kaligarong adalah restoran dengan suasana yang sederhana dan ramah. Menyajikan masakan khas Jawa, terutama soto dan ayam penyet, restoran ini memiliki menu yang terjangkau namun dengan rasa yang khas dan lezat. Tempat ini cocok untuk makan cepat atau santai dengan harga yang bersahabat",15000,4.5,800,800,2.9,
23,Soto Bangkong,Semarang,"Soto Bangkong terkenal dengan soto khas yang menggunakan bahan-bahan berkualitas, seperti ayam kampung dan kuah kaldu yang kental. Restoran ini memiliki suasana yang sederhana dan nyaman, cocok untuk makan siang atau malam yang hangat dengan soto yang menggugah selera. Banyak orang datang untuk mencicipi kelezatan soto yang otentik",15000,4.6,500,500,7.6,
24,Kimukatsu,Semarang,"Kimukatsu menawarkan pengalaman makan yang unik dengan konsep katsu Jepang, terutama tonkatsu (daging babi goreng tepung) yang dilapisi dengan seratus lapisan tepung. Suasana restoran ini modern dan nyaman, dengan suasana yang cocok untuk makan bersama teman atau keluarga. Menu yang ditawarkan sangat khas dan otentik dengan rasa yang gurih dan renyah",100000,4.3,1200,1200,7.8,
25,Tower Cafe,Semarang,"Tower Cafe memiliki suasana yang elegan dan santai, dengan dekorasi yang modern. Restoran ini menyajikan berbagai jenis makanan Barat, mulai dari pasta, burger, hingga steak. Tempat ini cocok untuk makan siang atau makan malam santai dengan pilihan menu yang bervariasi, serta pelayanan yang ramah",40000,4.4,700,700,4.8,
26,Pesta Keboen,Semarang,"Pesta Keboen menawarkan suasana alami dengan taman yang luas dan dekorasi yang artistik. Restoran ini menyajikan hidangan Indonesia, dengan menu khas seperti nasi goreng, ikan bakar, dan sate. Tempat ini cocok untuk makan bersama keluarga atau teman dalam suasana yang santai dan menyegarkan",100000,4.5,900,900,6.5,
27,Gama Ikan Bakar & Seafood,Semarang,"Gama Ikan Bakar & Seafood terkenal dengan menu ikan bakar dan berbagai hidangan laut seperti kepiting, udang, dan kerang. Suasana restoran ini sederhana dan nyaman, cocok untuk makan seafood segar dengan harga yang terjangkau. Restoran ini menjadi tempat favorit bagi penggemar hidangan laut​",25000,4.3,500,500,7.5,
28,Restoran Toko Oen,Semarang,"Toko Oen adalah restoran legendaris di Surabaya dengan suasana klasik dan elegan, mengingatkan pada gaya kolonial Belanda. Menyajikan berbagai hidangan Eropa dan Indonesia, seperti steak, nasi liwet, dan es krim, restoran ini sangat cocok untuk makan malam romantis atau acara spesial. Restoran ini juga dikenal dengan sejarah panjang dan menu yang otentik",80000,4.3,2000,2000,9.1,
29,Ben Tuman Steak & Bakery,Semarang,"Ben Tuman menawarkan suasana yang cozy dan nyaman, dengan fokus pada hidangan steak berkualitas tinggi. Restoran ini juga memiliki menu roti dan kue yang lezat. Tempat ini cocok untuk makan steak dengan porsi besar dan roti yang fresh, sangat cocok bagi pecinta makanan Barat​",60000,4.6,400,400,8.8,
30,Grill on Resto,Semarang,"Grill on Resto menawarkan suasana yang santai dengan konsep barbekyu. Mengkhususkan diri pada daging panggang dan grilled seafood, restoran ini memberikan pengalaman makan yang menyenangkan dengan hidangan yang lezat dan porsi yang besar. Tempat ini cocok untuk makan bersama keluarga atau teman dalam suasana yang kasual dan penuh kenikmatan",20000,4.3,300,300,4.9,
31,Gudeg Yu Djum,Yogyakarta,"Gudeg Yu Djum adalah tempat terkenal di Yogyakarta yang menyajikan gudeg, makanan khas dari nangka muda yang dimasak dengan santan. Restoran ini memiliki suasana yang sederhana dan nyaman, dengan interior yang khas Jawa. Gudeg yang disajikan di sini sangat populer, kaya rasa, dan cocok untuk pecinta makanan manis dan gurih​",20000,4.6,5000,5000,83,
32,The House of Raminten,Yogyakarta,"The House of Raminten menawarkan suasana yang unik dan tradisional dengan sentuhan modern, menjadikannya tempat yang populer untuk makan di Yogyakarta. Restoran ini menyajikan berbagai hidangan Jawa, termasuk sate, nasi kucing, dan berbagai makanan tradisional lainnya. Suasana restoran yang ceria dan dekorasi yang khas Jawa memberikan pengalaman makan yang menyenangkan​",30000,4.5,4500,4500,82,
33,Mediterranea Restaurant,Yogyakarta,"Menyajikan masakan khas Mediterania, seperti pizza, pasta, dan seafood, Mediterranea Restaurant memiliki suasana yang elegan dan romantis. Restoran ini sangat cocok untuk makan malam bersama pasangan atau acara spesial, dengan pencahayaan lembut dan desain interior yang nyaman​",50000,4.7,3800,3800,85,
34,Jejamuran,Yogyakarta,"Jejamuran adalah restoran yang fokus pada masakan berbahan dasar jamur. Dengan suasana yang nyaman dan alami, restoran ini menyajikan berbagai hidangan jamur yang inovatif, seperti sate jamur, sup jamur, dan tumis jamur. Tempat ini sangat cocok bagi pengunjung yang mencari alternatif makanan sehat dengan rasa yang lezat",25000,4.6,3500,3500,73,
35,Bakmi Jawa Mbah Mo,Yogyakarta,"Restoran ini terkenal dengan bakmi jawa (mi Jawa) yang kaya rasa, baik dalam versi goreng maupun kuah. Suasana di Bakmi Jawa Mbah Mo sederhana namun hangat, sangat cocok untuk makan siang atau malam yang santai dengan keluarga atau teman",20000,4.5,2700,2700,93,
36,Sate Klathak Pak Pong,Yogyakarta,"Sate Klathak Pak Pong terkenal dengan sate kambing yang disajikan dengan cara unik, yaitu menggunakan jeruji besi sebagai tusuk sate. Suasana restoran ini kasual, cocok untuk menikmati sate kambing yang empuk dan bumbu yang khas. Ini adalah tempat yang populer bagi pecinta sate di Yogyakarta",30000,4.6,2400,2400,91,
37,Bale Raos Kraton,Yogyakarta,"Bale Raos Kraton menawarkan suasana mewah dengan dekorasi yang mengingatkan pada kerajaan Jawa. Restoran ini menyajikan hidangan-hidangan tradisional Jawa yang otentik, seperti nasi liwet dan ayam goreng kraton. Tempat ini sangat cocok untuk acara spesial atau makan malam yang elegan dengan cita rasa Jawa yang lezat​",50000,4.4,1800,1800,54,
38,Roaster and Bear,Yogyakarta,"Roaster and Bear adalah restoran yang menawarkan suasana modern dan cozy, sangat cocok untuk nongkrong atau makan santai. Menyajikan berbagai pilihan kopi spesial dan makanan western, seperti burger, pasta, dan sandwich. Suasana yang hangat dan dekorasi yang kekinian membuatnya menjadi tempat yang sangat populer di kalangan anak muda",40000,4.5,1900,1900,82,
39,Mang Engking Godean,Yogyakarta,"Mang Engking Godean menawarkan suasana alami dengan konsep restoran terbuka di tengah taman. Restoran ini terkenal dengan hidangan seafood, khususnya kepiting, udang, dan ikan bakar. Cocok untuk makan keluarga atau acara bersama teman-teman di suasana yang santai dan terbuka",50000,4.6,2200,2200,76,
40,Milas Vegetarian Resto,Yogyakarta,"Milas Vegetarian Resto adalah tempat yang menyajikan masakan vegetarian dengan bahan-bahan organik dan segar. Suasana restoran ini nyaman dan menyegarkan, dengan banyak tanaman hijau yang menambah kesan alami. Restoran ini ideal bagi mereka yang mencari makanan sehat dan ramah lingkungan",35000,4.7,1500,1500,81,
41,Warung Bu Kris,Surabaya,"Warung Bu Kris terkenal dengan sate dan tahu tempe yang lezat, serta masakan Indonesia lainnya. Tempat ini memiliki suasana yang santai dan sederhana, cocok untuk makan siang atau makan malam dengan keluarga atau teman. Harga makanan yang terjangkau membuatnya menjadi favorit bagi banyak orang yang mencari hidangan khas Indonesia",30000,4.5,949,949,263,
42,Bu Rudy Dharmahusada,Surabaya,"Restoran ini terkenal dengan ayam penyet (ayam goreng yang dipenyet dengan sambal) dan berbagai pilihan sambal pedas. Suasana di restoran ini cukup ramai, menciptakan atmosfer yang hidup. Bu Rudy adalah tempat yang pas untuk pecinta makanan pedas yang ingin menikmati hidangan khas Jawa Timur​",350000,4.5,15438,15438,263,
43,Soto Ayam Lamongan Cak Har,Surabaya,"Soto Ayam Lamongan Cak Har menyajikan soto ayam dengan kuah yang kaya rasa, ayam yang empuk, dan bumbu yang khas. Tempat ini cocok untuk makan siang yang hangat dan cepat, dengan suasana yang sederhana namun nyaman",20000,4.5,21952,21952,265,
44,Sate Kelopo Ondomohen Bu Asih,Surabaya,"Sate Kelopo Bu Asih terkenal dengan sate kelopo (sate dengan kelapa parut) dan sate kambing. Restoran ini memiliki suasana yang sederhana dan tradisional, sangat cocok untuk menikmati sate yang dibakar dengan bumbu yang harum dan kaya rasa",45000,4.4,10014,10014,260,
45,D'kampoeng,Surabaya,"D'kampoeng menawarkan suasana yang nyaman dan rustic dengan berbagai pilihan hidangan Indonesia, terutama ikan bakar (ikan panggang) dan seafood lainnya. Tempat ini sangat cocok untuk makan bersama keluarga atau teman-teman dalam suasana yang santai​",55000,5,3,3,264,
46,Warung Leko,Surabaya,"Warung Leko terkenal dengan penyet (ayam, bebek, atau ikan goreng yang dihancurkan) yang disajikan dengan sambal pedas. Suasana tempat ini cukup ramai dan santai, dengan pengunjung yang ingin menikmati hidangan pedas dan nikmat dengan harga yang terjangkau​",55000,4.6,6080,6080,263,
47,Bebek Sinjay,Surabaya,"Bebek Sinjay adalah tempat yang terkenal dengan bebek goreng yang gurih dan renyah, disajikan dengan sambal yang pedas. Suasana restoran ini sederhana namun nyaman, sangat cocok untuk pecinta masakan pedas dan makanan berat seperti bebek goreng",40000,4.2,3218,3218,259,
48,Bebek Palupi,Surabaya,"Bebek Palupi menawarkan bebek goreng yang sangat terkenal di Surabaya, disajikan dengan sambal yang pedas. Suasana restoran ini ramah dan nyaman, membuatnya menjadi tempat yang ideal untuk menikmati makanan khas Surabaya dalam suasana yang hangat​",35000,4.3,2918,2918,265,
49,Soto Ambengan,Surabaya,"Soto Ambengan menyajikan soto ayam dengan kuah yang lezat dan kaya bumbu. Tempat ini memiliki suasana yang sederhana namun nyaman, cocok untuk makan siang yang cepat dengan rasa yang mengenyangkan​",15000,4.6,5993,5993,260,
50,Tang Palace Chinese Restaurant,Surabaya,"Terletak di JW Marriott Surabaya, Tang Palace menawarkan suasana yang mewah dan elegan. Restoran ini menyajikan berbagai masakan Cina, termasuk dim sum dan seafood, dengan rasa otentik. Tempat ini sangat cocok bagi Anda yang mencari pengalaman makan yang lebih mewah dengan cita rasa masakan Cina yang khas",85000,4.8,325,325,259,